year,population,state_code,actual_rate,predicted_rate
2020.0,221428.0,0,20.32263309066604,24.72352208410518
2021.0,585008.0,27,15.555342832918525,28.95354676853257
2022.0,139843.0,17,22.88280428766545,41.636323799101575
2021.0,25798.0,33,73.64912008682843,56.79315520100942
2022.0,168456.0,35,28.494087476848552,37.53262911891938
2023.0,88615.0,10,23.698019522654175,27.98427120673556
2018.0,106222.0,35,26.35988778219201,24.945243122937736
2023.0,33593.0,20,56.55940225642247,47.102052128722605
2020.0,221262.0,31,16.722256871943667,33.3004320053168
2018.0,85832.0,9,23.301332836238235,21.538744426580934
2021.0,296329.0,10,24.972243688602877,23.143356826037305
2020.0,22833.0,17,61.31476371917838,64.8363141011799
2022.0,27686.0,31,43.34320595246695,57.654899523828945
2019.0,64934.0,42,29.2604798718699,30.500094169345935
2018.0,86184.0,38,44.091710758377424,27.118487975975953
2020.0,49935.0,36,30.0390507659958,35.18669580534032
2021.0,61986.0,33,41.94495531248992,37.6791880014145
2020.0,226075.0,35,58.83003428065908,35.018810072197994
2022.0,102293.0,4,33.2378559627736,29.834899594303643
2018.0,75457.0,46,15.90309712816571,20.736970835784764
2020.0,26542.0,17,79.11988546454675,53.00140070010249
2023.0,66250.0,24,25.660377358490564,26.753794924916022
2023.0,66970.0,49,23.891294609526653,21.775084108754044
2020.0,55876.0,24,55.47999140954971,36.35901026288563
2022.0,195897.0,33,24.5026723227002,37.967664997230514
2021.0,284034.0,22,42.60053373891858,34.39585906430462
2018.0,70116.0,14,39.93382394888471,26.208032761608614
2021.0,242253.0,2,32.197743681192804,27.77507011472781
2021.0,34623.0,31,60.65332293562083,56.59323795347227
2022.0,37956.0,33,52.692591421646114,41.01570485619185
2022.0,137048.0,18,75.15614967018854,44.26921205248637
2019.0,30573.0,4,39.25031890884113,41.801823593117106
2020.0,69504.0,22,14.38766114180479,22.401100320890688
2023.0,484239.0,2,22.30303631058217,30.100575637031174
2023.0,30610.0,45,32.66906239790918,46.930907736333054
2022.0,47367.0,14,23.22291890978952,30.860181442865855
2020.0,617855.0,43,7.606962798714909,15.202889158824096
2022.0,31504.0,29,76.18080243778569,51.47146271238064
2023.0,36165.0,0,33.181252592285354,37.39476421412856
2018.0,274255.0,4,15.314214873019637,16.25453039208999
2021.0,207369.0,10,20.25375056059488,25.2333712084461
2020.0,496865.0,47,22.74259607740533,26.38984444812227
2023.0,37774.0,33,52.94647111770001,41.03896426706651
2018.0,179436.0,43,6.687621213134488,10.413509113760693
2023.0,17439.0,48,212.168128906474,116.7913269938349
2018.0,178550.0,7,35.84430131615794,33.61769720641833
2022.0,198268.0,9,35.30574777573789,33.642004889908534
2023.0,336001.0,20,12.49996279772977,28.667917466565086
2020.0,822736.0,30,25.88922813636452,32.76425435212747
2019.0,105089.0,23,9.51574379811398,18.062403220091383
2019.0,74266.0,35,22.89069022163574,26.31561021683581
2023.0,30648.0,46,48.94283476898983,46.511377226699835
2021.0,251269.0,46,23.082831547067087,29.688917018710775
2018.0,39764.0,37,27.66321295644301,33.47387183813393
2021.0,253704.0,43,28.379528899820265,18.509976922882924
2020.0,44590.0,38,24.66920834267773,37.678780885822256
2020.0,60848.0,22,19.72127267946358,24.463390528098884
2018.0,69267.0,5,17.32426696695396,24.110206683282524
2019.0,122259.0,16,13.086971102331932,18.854816541907823
2020.0,33935.0,46,35.36172093708561,40.10282051816269
2020.0,177863.0,43,12.369070576792252,14.313214156483872
2023.0,575347.0,49,26.071223105360765,25.688842871207957
2019.0,936250.0,10,8.544726301735649,17.330192164603652
2021.0,3286069.0,4,29.82286738349073,28.49593905521441
2020.0,1061175.0,2,38.91912267062455,30.239777618476914
2019.0,565217.0,21,49.71541903375164,43.50331298063806
2019.0,413210.0,0,12.100384792236394,17.255088713639022
2020.0,36281.0,0,27.562636090515696,34.98354474557689
2019.0,46233.0,17,30.28140073107953,40.64451827322014
2021.0,110686.0,1,35.23480837684983,28.345168350427684
2020.0,20837.0,42,76.78648557853818,62.63328112230176
2019.0,83779.0,14,23.872330775015214,25.29945117085176
2023.0,15963.0,31,75.17383950385266,74.18047984153793
2020.0,40381.0,38,24.76412174042248,37.74323978646349
2022.0,55141.0,46,18.13532580112802,42.36067415372388
2020.0,2489188.0,4,27.920751666808616,24.70739192837683
2022.0,513936.0,30,28.408206469288004,34.28824929008446
2021.0,93304.0,15,11.789419531852868,19.3662110869918
2022.0,119964.0,16,19.172418392184323,25.787156638717097
2019.0,113510.0,20,29.07232842921329,33.89032938467867
2022.0,76969.0,25,16.88991671971833,26.591033367480858
2020.0,102742.0,38,23.359482976776786,36.05529667910864
2020.0,97075.0,47,16.482101467937163,37.56402285715273
2018.0,423908.0,43,3.774403880087189,10.118903998789163
2018.0,1152633.0,44,22.643807699415163,16.68043313252281
2023.0,79941.0,50,20.01476088615354,22.083860362847663
2021.0,269591.0,49,20.030342259200047,24.699608217460636
2018.0,450189.0,46,14.438380324708069,13.55033589500163
2021.0,57288.0,42,41.89359028068706,49.28544195765194
2021.0,533834.0,40,50.20287205385944,39.67380826151562
2019.0,945726.0,49,42.40128747649953,27.470601964014705
2020.0,183643.0,7,35.93929526309198,36.81965993660165
2020.0,281295.0,13,52.25830533781262,24.26694469169539
2020.0,171346.0,33,25.67903540205199,34.72247701111752
2022.0,88780.0,22,29.285875197116464,21.817379223993303
2018.0,43734.0,42,25.1520556089084,30.8293757319757
2023.0,81464.0,18,39.281154865953056,43.05783437599647
2019.0,115710.0,35,17.28459078731311,24.80770620557501
2018.0,85129.0,49,16.445629573940725,19.439785952700273
2022.0,234215.0,33,63.61676237644899,37.88788622007219
2023.0,171278.0,39,33.27923025724261,36.38018359298022
2021.0,1576876.0,32,31.32776451667728,33.788988778223846
2022.0,113017.0,3,15.041984834139996,27.924152547269173
2022.0,511151.0,30,16.62913698691776,34.28824929008446
2023.0,164494.0,43,21.88529672814814,16.179858703451174
2020.0,51163.0,38,25.40898696323515,35.9882989217526
2020.0,173359.0,10,23.073506423087352,22.303531518239023
2019.0,107038.0,14,18.684953007343186,24.165707407964813
2019.0,79595.0,22,13.8199635655506,21.260787698609317
2022.0,120294.0,49,27.43278966531997,26.367222026134268
2020.0,72275.0,42,59.494984434451744,45.30667163476847
2020.0,241365.0,43,5.386033600563462,12.580997253006004
2019.0,129569.0,14,40.90484606657456,22.059586253047677
2022.0,206542.0,13,29.04978164247465,26.38748016486785
2020.0,232226.0,46,62.00856062628646,29.75049745765672
2020.0,65225.0,14,47.52778842468379,33.287502614305964
2019.0,160830.0,21,29.22340359385687,32.32427043589673
2019.0,22747.0,17,48.35802523409681,54.368562422319194
2023.0,64212.0,37,43.60555659378309,37.73017160152241
2018.0,157668.0,42,36.78615825658979,24.55820022807752
2018.0,830839.0,21,37.07096079986616,34.01054096670035
2019.0,607186.0,30,34.25638931068898,30.309895241350723
2023.0,60677.0,25,19.776851195675462,30.260370608860004
2020.0,99377.0,47,18.11284301196454,30.620757241914504
2019.0,253370.0,38,15.392508978963573,29.570082418507155
2022.0,26855.0,48,63.30292310556693,59.66339186704232
2021.0,58370.0,48,49.683056364570845,75.41134415991468
2019.0,76745.0,25,13.030164831585118,23.508622825731393
2018.0,36501.0,33,43.83441549546588,37.22221010792467
2022.0,66969.0,25,61.22235661276113,29.02732918327131
2019.0,411406.0,40,21.876200152647264,27.492751004800056
2023.0,96814.0,0,29.954345445906583,29.028682578402183
2018.0,184459.0,27,9.75826606454551,21.09504364579701
2023.0,106702.0,10,23.42973889898971,27.340726142995905
2021.0,84050.0,36,27.364663890541344,34.542893404083166
2019.0,60443.0,33,18.19896431348543,25.594356512645014
2022.0,81172.0,49,29.566845710343465,21.791224744502266
2022.0,514182.0,13,18.2814645397933,25.771726747056537
2021.0,64999.0,37,16.923337282112033,37.752367064415004
2021.0,81188.0,42,27.09760063063507,47.005677528670276
2022.0,19708.0,10,50.74081591231987,64.48762295336108
2018.0,892697.0,6,33.381987393258854,33.25636768426795
2022.0,389157.0,33,48.0525854603669,38.57389759954296
2021.0,21254.0,42,61.164957184529975,65.17844237982229
2022.0,28757.0,46,45.20638453246166,46.31477575306241
2018.0,127330.0,10,9.424330479855492,15.775868957522755
2018.0,40997.0,35,31.70963729053345,32.54440616720056
2018.0,153095.0,10,7.838270355008329,14.628145515773083
2022.0,137958.0,49,22.47060699633221,24.506907183569556
2018.0,370200.0,43,10.264721772015127,10.816087547813295
2020.0,1611989.0,32,24.565924457300888,31.1275011530691
2021.0,862029.0,21,38.16576936506776,38.52509414342081
2023.0,284637.0,22,35.83511630603189,34.36436583546753
2019.0,37181.0,20,26.89545735725236,40.364540270004845
2018.0,1614714.0,21,22.604622242700565,21.30752163224176
2021.0,283119.0,13,52.27483849547363,25.609623501544338
2022.0,94984.0,10,18.95056009433168,26.4468705614545
2022.0,39493.0,46,35.44932013268174,48.0422869761675
2022.0,31337.0,10,35.1022752656604,45.3249657918913
2018.0,89786.0,29,14.47887198449647,30.000502031040416
2019.0,887207.0,43,7.439075661035136,7.23342231699198
2020.0,82109.0,47,32.8831187811324,25.84736416260476
2019.0,258773.0,10,11.979611474149158,15.063273083118071
2019.0,2635516.0,43,13.09041569089317,11.175533376190952
2023.0,370771.0,5,18.07045319078353,28.091679641247083
2020.0,176253.0,48,103.26065371936932,77.68809553980513
2019.0,71222.0,46,25.273089775631124,20.63067975517271
2023.0,202906.0,43,24.149113382551526,13.583070485328385
2022.0,21224.0,42,56.53976630229928,62.95245839234985
2019.0,94186.0,46,14.864204871212282,21.759266062942867
2021.0,182139.0,4,41.17734257901932,28.217879036366057
2019.0,64735.0,38,33.98470688190314,30.379543997933528
2020.0,50179.0,42,31.885848661790792,40.61318288848105
2019.0,656955.0,22,15.678395019445778,27.530580894998664
2023.0,1063162.0,2,44.39586817437042,32.97991334054009
2018.0,70675.0,46,21.22391227449593,19.905662984350155
2020.0,326205.0,40,34.02768197912356,35.9271458827546
2018.0,40589.0,38,29.564660375963932,33.385208171915814
2022.0,282188.0,13,54.927920393496535,26.042912723161052
2020.0,71859.0,33,22.265826131730197,36.922588213041166
2018.0,230221.0,43,8.252939566764109,9.861543011982743
2018.0,204826.0,35,15.623016609219532,26.285533097656867
2020.0,913890.0,47,27.136745122498333,28.712051309801378
2022.0,874195.0,22,35.57558668260514,29.076597416476517
2022.0,160820.0,42,47.87961696306429,42.088594365651204
2018.0,87606.0,4,35.38570417551309,27.135500860136993
2022.0,28450.0,40,42.1792618629174,47.30926378050495
2021.0,564412.0,9,61.834262914325,40.976150777574105
2022.0,1757043.0,22,50.31180227234052,30.42533173883571
2021.0,29909.0,17,60.18255374636397,57.84051888241502
2023.0,45008.0,17,24.440099537859936,58.05692466201029
2023.0,171735.0,49,24.456284391649927,25.445135162593484
2021.0,412300.0,4,18.918263400436576,28.395033471018607
2022.0,64990.0,37,38.46745653177412,37.99617146429901
2019.0,225081.0,25,45.31701920641902,24.231344144408627
2020.0,65778.0,14,69.93219617501292,35.99718214275103
2022.0,802559.0,36,32.64557496707407,37.063558861208136
2018.0,331164.0,30,15.098259472647992,30.361607332616558
2020.0,65530.0,17,44.25453990538685,38.92550131898857
2021.0,137605.0,42,69.03818901929435,42.97754610256001
2023.0,238852.0,33,30.981528310418167,36.67088947015814
2021.0,2028236.0,43,18.34106090218298,21.53229405020904
2023.0,1877592.0,4,19.013715439776053,29.078832427035834
2022.0,7261.0,17,151.49428453381077,149.44334682118478
2023.0,72101.0,31,24.96497968128043,36.738640564763756
2022.0,34188.0,36,38.02503802503802,46.23883000050914
2020.0,424180.0,43,4.479230515347258,14.881151047813551
2020.0,50583.0,37,19.76948777257181,35.24338859668127
2020.0,37045.0,13,40.49129437171008,34.50160634335319
2021.0,413024.0,40,35.8332687688851,37.9103029842326
2018.0,1248743.0,43,12.973045694750642,7.192862449818863
2021.0,267792.0,4,30.99420445719065,28.345506480931636
2019.0,40667.0,42,66.39289841886543,33.56142660212313
2022.0,34246.0,23,32.120539625065696,42.98647910288634
2019.0,92108.0,46,17.37091240717419,23.875392406877022
2021.0,86658.0,10,24.233192550024235,28.56463324156877
2022.0,91125.0,32,34.01920438957476,32.767161658375215
2019.0,121154.0,35,46.2221635274114,24.803847226446187
2019.0,264542.0,49,15.120472363556637,15.012147627077614
2019.0,123958.0,31,24.20174575259362,23.325748248453703
2019.0,190488.0,32,24.148502792826843,22.365540144104752
2022.0,13725.0,46,72.85974499089254,91.12143749410332
2023.0,159681.0,5,23.797446158278067,28.905655961007625
2021.0,533003.0,21,35.08423029513905,43.90024357585941
2019.0,97733.0,47,12.278350199011593,19.089119151460494
2023.0,43641.0,36,25.20565523246488,38.70763804595177
2018.0,308570.0,13,18.79638331658943,24.293167792518716
2023.0,272848.0,14,32.25238960886648,29.148891243857168
2020.0,29566.0,9,33.82263410674423,44.26407838125435
2019.0,212181.0,2,23.09349093462657,18.49762499436217
2023.0,351163.0,38,32.74832485199181,36.941107073103126
2019.0,161300.0,26,20.45877247365158,21.597881151659394
2021.0,89313.0,49,22.39315665132736,21.364154205526624
2023.0,142393.0,44,7.725098846151145,15.910826668631023
2020.0,56675.0,13,19.408910454344948,24.778388867873716
2021.0,486677.0,42,93.08021542008356,68.22273873757467
2022.0,178421.0,10,30.82596779527073,24.803331434484022
2021.0,1150204.0,33,20.778922695452284,37.54272129552084
2021.0,423029.0,43,6.146150736710721,14.97109617947593
2020.0,451231.0,46,25.48583763083653,25.72376401405443
2018.0,207269.0,9,27.01802971018338,20.432322619131142
2019.0,421164.0,38,30.154524128368045,28.237468454148498
2018.0,126770.0,2,18.931923956772103,17.419430529085588
2022.0,53941.0,25,59.324076305593145,35.892276022040484
2019.0,163257.0,20,27.5639023135302,32.93962179611269
2020.0,52954.0,18,20.77274615704196,42.6723675851815
2021.0,23303.0,18,47.20422263227911,63.70887817669105
2023.0,155230.0,46,12.884107453456162,32.25711997830349
2023.0,94728.0,20,30.613968414829827,47.316659107040806
2020.0,52995.0,43,22.64364562694594,30.00870991889803
2023.0,48035.0,23,22.899968772769853,35.202699298544665
2019.0,49348.0,18,20.264245764772635,30.512187356863407
2018.0,131264.0,17,14.47464651389566,30.28359509322846
2022.0,1175021.0,33,20.34006200740242,37.86490101284412
2022.0,42778.0,33,86.49305717892375,42.97942617318312
2023.0,72197.0,38,29.08708118065848,44.002417737932774
2019.0,42837.0,18,23.34430515675701,34.4175012523873
2019.0,58708.0,1,18.73679907338012,26.443947986875415
2020.0,133580.0,22,43.41967360383291,26.190644288950818
2018.0,39006.0,31,79.47495257139927,41.75805186902564
2020.0,76029.0,32,42.089202804193135,30.126618971576605
2023.0,169795.0,9,28.85832916163609,33.3883143319717
2022.0,39644.0,24,42.88164665523156,40.69749145718447
2018.0,160137.0,26,17.485028444394487,21.505537770586287
2021.0,120932.0,9,23.980418747725995,33.630498399759965
2023.0,259772.0,25,22.32727160740957,33.17616311436457
2020.0,71851.0,11,20.87653616511948,25.73801216758838
2022.0,795083.0,37,53.83085791043199,38.080586678122884
2019.0,259686.0,13,28.881033247845476,24.868907044548365
2021.0,36979.0,14,29.74661294248087,40.681606039527054
2022.0,59822.0,32,26.746013172411487,32.670394787754105
2021.0,112508.0,32,18.66533935364596,32.33573816154842
2019.0,1257584.0,22,12.722808178221095,25.44361766105711
2023.0,115239.0,1,34.71047128142382,28.414859013908796
2023.0,65338.0,30,44.38458477455692,34.227653382270276
2021.0,143326.0,43,20.931303462037597,15.584695989282654
2019.0,36233.0,38,27.599149946181655,36.529861242895265
2021.0,220740.0,35,18.12086617740328,37.740009360544015
2022.0,83540.0,14,56.26047402441944,36.4172099773743
2020.0,418735.0,29,32.47877535911734,32.058261976676825
2018.0,102826.0,20,60.29603407698443,37.54008815178966
2022.0,482650.0,4,24.862736972961777,28.782248740712415
2022.0,38293.0,15,39.171650171049535,30.866043860553365
2020.0,25440.0,18,47.16981132075472,59.85395410259142
2023.0,67659.0,18,28.08199943836001,41.886577423839256
2018.0,58533.0,1,27.335007602548988,25.231935090844125
2019.0,54068.0,42,35.14093363912111,31.44007461672264
2023.0,81325.0,32,50.415001537042734,33.489576642850956
2023.0,78208.0,24,20.458265139116204,24.208701119161134
2022.0,608794.0,9,54.86256434853168,40.6492390596823
2023.0,123351.0,10,16.2138936854991,25.694982557457465
2023.0,524673.0,12,19.631275098966405,26.041456314490073
2022.0,101483.0,13,23.649281160391396,27.526798924594026
2021.0,997187.0,25,41.31622253398811,32.60003141212177
2018.0,77781.0,14,26.998881474910323,25.503466804047626
2021.0,61275.0,43,21.215830273357813,26.400964065139505
2019.0,128289.0,44,8.574390633647468,20.60506590727084
2018.0,129641.0,14,28.54035374611427,21.928737576103263
2020.0,421017.0,38,33.25281401938639,35.7085964188199
2020.0,102902.0,49,26.238557073720628,22.660145236881537
2023.0,133985.0,4,56.72276747397096,28.677554214015462
2022.0,82670.0,38,21.77331559211322,39.04378122507403
2021.0,408756.0,49,27.40020941588625,24.548706351833406
2019.0,310569.0,43,14.489533726804671,13.16003876862387
2023.0,49545.0,28,34.312241396710064,35.43272437912012
2020.0,327306.0,33,23.52538603019804,34.69569165775173
2018.0,67653.0,37,16.259441562088895,24.806467293357237
2021.0,600811.0,37,13.481777131244268,34.243925055942505
2022.0,84934.0,43,36.49892857983846,20.782139640665896
2020.0,24466.0,17,61.309572467914656,61.89972939623554
2022.0,388181.0,43,17.775213109348474,17.010036927714694
2018.0,1259428.0,23,14.053999117059492,20.51774552758684
2019.0,44573.0,25,51.60074484553429,30.580686076560156
2021.0,116418.0,6,45.5256060059441,35.73610630671709
2021.0,227900.0,42,51.33830627468188,35.25640655591164
2022.0,861418.0,30,24.842759264375715,34.44961384786911
2021.0,23005.0,48,147.7939578352532,88.72169678307682
2019.0,177573.0,32,21.96279839840516,22.69228215486791
2018.0,155469.0,10,9.648225691295371,14.729795929921133
2021.0,5173146.0,13,38.58387140049788,31.800587610719372
2019.0,216453.0,33,18.01776829149977,23.447164269849704
2023.0,39592.0,18,42.93796726611436,42.237670597681415
2021.0,44828.0,42,35.69197822789328,42.94806860145178
2023.0,126260.0,18,59.40123554569935,43.52013643330845
2022.0,374682.0,42,49.10831051398253,38.77771078475743
2019.0,130192.0,38,46.08578100036869,27.649880823460467
2018.0,251423.0,38,20.284540396065594,29.03950841888522
2019.0,96774.0,0,20.666708000082664,16.617970197412074
2021.0,102058.0,43,12.737854945227223,19.598821256123106
2021.0,103796.0,15,11.561139157578326,18.272739069701014
2022.0,48907.0,36,20.446970781278758,34.95296319881588
2020.0,32023.0,42,53.08684383099647,42.410788828419555
2018.0,811880.0,37,20.81588412080603,26.153243825410346
2023.0,60470.0,32,29.766826525549863,32.717545085730514
2018.0,927781.0,10,10.778405679788657,16.907461779042475
2019.0,71686.0,9,18.13464274753787,22.710585448119023
2021.0,39238.0,23,25.48549875121056,40.038081237998135
2022.0,61585.0,28,32.47544044816107,31.53396023143757
2018.0,56682.0,48,42.341484069016616,39.06948401171416
2018.0,38012.0,46,28.93823003262128,36.199933594186206
2020.0,103837.0,10,16.37181351541358,23.51842708464754
2018.0,621354.0,30,35.72842534207553,29.169638789249934
2021.0,169273.0,38,38.99027015531125,36.87510262396246
2022.0,36215.0,19,44.1805881540798,42.151130092747444
2019.0,97241.0,35,37.021421005542926,25.383835930519822
2021.0,25157.0,48,143.1013236872441,59.418044064018375
2018.0,190800.0,22,21.48846960167715,21.783667089702313
2019.0,65769.0,14,19.766151226261613,37.246095152890724
2021.0,19338.0,18,51.71165580721895,60.54393313936091
2019.0,325690.0,20,14.1238601123768,34.643505433440595
2018.0,564751.0,38,37.892805856032126,29.26766429953727
2020.0,328200.0,20,17.97684338817794,33.941652501925255
2020.0,48054.0,28,27.052898822158408,34.51723894249673
2022.0,19352.0,46,113.68334022323272,63.43830316111274
2021.0,11908.0,48,125.96573731944912,99.81134803762272
2021.0,917673.0,4,53.613868992549634,34.91411965525901
2022.0,45762.0,22,26.222630129802017,35.4413013449047
2019.0,50010.0,33,31.99360127974405,28.47401749134292
2022.0,194534.0,13,33.413182271479535,26.076113563347132
2018.0,284010.0,4,15.492412239005668,16.221853896025294
2020.0,162575.0,38,41.2117484238044,35.089608792923215
2018.0,274765.0,4,13.830000181973686,16.25453039208999
2021.0,59937.0,32,16.684185060980695,32.61880074403927
2018.0,67554.0,48,31.08624211741718,61.74494259293645
2019.0,367601.0,22,18.498317469212544,27.261069792093398
2019.0,521202.0,21,35.11114692576007,39.72458937409934
2022.0,808437.0,4,58.75535137555554,36.8881583074749
2019.0,110593.0,47,17.180110856925843,20.89171834978113
2020.0,56104.0,25,23.1712533865678,37.79138492056426
2021.0,158096.0,24,25.301082886347537,29.386529773910276
2021.0,119363.0,16,20.106733242294517,25.66398302179234
2022.0,56286.0,17,94.16195856873824,52.514620224581606
2022.0,66022.0,14,69.67374511526461,43.21579854282525
2022.0,37260.0,25,37.57380568974772,41.20598733061368
2021.0,226762.0,35,67.47162222947408,37.6830743675257
2020.0,523738.0,21,37.04142147409583,42.76204323986193
2022.0,50998.0,18,58.82583630730617,45.2823826023055
2022.0,533892.0,35,54.50540558764693,38.49456735976942
2018.0,104722.0,0,17.18836538645175,16.194137662828926
2020.0,31208.0,18,44.860292232760834,42.733766923389055
2021.0,33866.0,46,38.386582413039626,48.17280633963486
2018.0,64569.0,42,15.48730815097028,29.689561544950248
2023.0,69489.0,10,38.85507058671157,27.897318991741148
2022.0,34796.0,10,31.612829060811585,41.47278765761346
2020.0,21674.0,48,50.75205315124112,94.66705825714617
2023.0,149588.0,46,27.408615664358106,32.32660861469207
2018.0,31756.0,42,40.93714573623882,40.98125050535721
2021.0,206160.0,33,36.37951105937137,38.0454524952662
2018.0,289615.0,10,8.632149577887885,15.14656874712558
2023.0,155045.0,22,17.414299074462253,25.464388697538354
2019.0,31346.0,46,57.42359471702928,37.63331408680167
2023.0,116429.0,0,49.81576754932191,28.372700714451902
2018.0,935764.0,42,16.77773455700369,33.41190131889696
2018.0,55414.0,28,32.4827660879922,26.91172669861682
2019.0,307774.0,13,13.646376886936515,24.28550973933946
2021.0,22687.0,18,61.7093489663684,63.44319366979873
2018.0,88355.0,46,22.635957218040858,17.83765298110407
2023.0,93146.0,29,19.32450132050759,30.532753911449298
2022.0,545823.0,38,22.534777757624724,37.474544267754126
2020.0,90418.0,33,40.92105554203809,34.70136663398401
2022.0,164020.0,23,27.43567857578344,23.956191945488076
2020.0,422784.0,46,8.988041174689677,25.82106583872132
2018.0,146917.0,14,17.697067051464433,21.354841270863187
2020.0,279252.0,4,18.97927320126624,24.82964934887091
2022.0,99443.0,10,29.16243476162224,26.367570551499817
2021.0,543257.0,23,39.39203728621997,28.78315098016321
2019.0,80707.0,47,14.868598758472004,17.628062679861433
2019.0,156209.0,43,8.962351721091615,10.431565565231294
2018.0,44527.0,32,29.195768859343765,33.45827259069183
2021.0,38063.0,14,47.29001917873,36.249618687121625
2022.0,106074.0,13,45.251428248204085,28.573406658770587
2021.0,78209.0,47,48.58775844212303,27.366244271651638
2020.0,44718.0,33,40.25224741714746,40.4065366519495
2023.0,249081.0,2,28.103307759323272,27.833234357358396
2020.0,16700.0,49,71.8562874251497,70.34690668902569
2018.0,71604.0,36,18.15541031227306,24.58953305538538
2020.0,1051816.0,20,13.975828471900028,25.250038978868282
2023.0,489640.0,46,16.951229474716115,31.04137243603744
2023.0,427354.0,29,37.43968700421664,33.56736991707056
2018.0,102912.0,33,33.03793532338309,24.060504737099386
2021.0,48359.0,33,51.69668520854443,37.34352068646388
2021.0,48461.0,17,28.889209880109775,55.64554616081957
2020.0,82938.0,48,40.99447780269599,76.840185171233
2023.0,29891.0,40,60.21879495500318,47.985252444751694
2021.0,130696.0,47,30.605374303727736,29.822518378864196
2019.0,22995.0,14,47.836486192650575,64.73160925444223
2020.0,106532.0,25,16.89633161866857,24.145880044459204
2021.0,35369.0,38,56.54669343210156,44.64116592867439
2022.0,30579.0,45,39.24261748258609,47.17764885867486
2018.0,1039073.0,2,25.214782791969377,21.898660514553704
2019.0,696535.0,13,12.921102313595153,21.50555389837549
2020.0,561531.0,7,45.94581599234949,44.354926111262884
2019.0,2102515.0,43,8.323365112734034,10.713252509597675
2018.0,67056.0,13,19.38678119780482,25.162040955499428
2023.0,159874.0,22,35.02758422257528,25.71420387703903
2021.0,244205.0,18,49.13904301713725,39.21294251903097
2018.0,47079.0,33,31.861339450710503,30.38084130312525
2018.0,770517.0,17,36.85836912099278,39.07444940516459
2018.0,25383.0,22,47.27573572863728,47.20161905934469
2022.0,1260121.0,23,36.50443092369701,28.2037643826592
2020.0,155637.0,38,16.70553917127675,34.78430077964592
2020.0,20187.0,42,74.3052459503641,69.72523268444931
2022.0,52199.0,29,34.48341922259047,34.567970659410626
2023.0,514982.0,13,16.311249713582225,26.133775054809814
2022.0,417772.0,4,21.064121099547123,28.689831346939137
2023.0,50994.0,45,19.61015021375064,40.572193336757806
2023.0,50620.0,18,43.461082576056896,41.364981433888204
2021.0,55664.0,10,34.13337165852256,25.164885707771415
2023.0,102500.0,22,34.14634146341463,21.781474258000618
2021.0,89496.0,0,37.99052471618843,30.06628563147067
2019.0,184826.0,43,8.115741291809593,10.076474119865411
2023.0,83094.0,38,31.289864490817628,38.77106759578934
2023.0,64896.0,4,64.71893491124261,40.75573353329158
2019.0,69761.0,10,18.63505396998323,19.481072014178906
2021.0,120433.0,49,24.079778798169936,25.809178733999364
2022.0,105879.0,25,51.00161505114328,24.83554539008862
2018.0,314305.0,5,12.408329488872274,16.777024138563956
2021.0,98865.0,46,85.97582562079603,29.730144851708296
2020.0,519907.0,16,30.005366344365434,28.28284460467276
2022.0,23568.0,17,46.673455532926,62.22232385599194
2022.0,832605.0,4,29.665928021090437,35.70519165943222
2023.0,87319.0,43,20.614070248170503,21.299834964633956
2021.0,55810.0,4,30.460490951442395,26.81419465828115
2021.0,115972.0,0,26.73059014244818,28.038227609001137
2020.0,96990.0,0,17.52758016290339,25.10445197629831
2021.0,47098.0,17,53.08081022548728,58.46657373184822
2021.0,194734.0,13,36.45999157825547,25.778732659529837
2022.0,89299.0,10,42.55366801419949,28.278320907125895
2021.0,288121.0,1,42.34332103525949,28.457391392908256
2023.0,381671.0,30,31.17868530750306,34.05697061229769
2021.0,71714.0,43,19.521990127450707,22.236977562658648
2020.0,28579.0,35,41.98887294866861,47.66652807169264
2022.0,324878.0,9,74.7973085281244,34.501655699182585
2022.0,129059.0,3,28.66905833765952,27.50843699912204
2022.0,575182.0,38,29.034288277449573,37.474544267754126
2018.0,61022.0,29,49.16259709612927,27.497841815059488
2023.0,67428.0,17,22.245951236874888,39.524487251060336
2020.0,195802.0,49,32.68608083676367,24.168622108520697
2021.0,38340.0,3,33.90714658320292,34.247465070030486
2020.0,312172.0,35,46.12841638583858,35.32867556134582
2020.0,257332.0,4,21.373167736620395,25.04577696553901
2022.0,294248.0,40,35.00448601179957,37.41542720396141
2018.0,58402.0,17,27.396322043765625,28.425920990726503
2021.0,955306.0,20,21.66844969046567,27.163856579414013
2022.0,93300.0,17,48.23151125401929,42.63309726450532
2019.0,104418.0,25,11.492271447451587,23.615940847601273
2021.0,37560.0,17,26.624068157614484,61.20649099157411
2018.0,139417.0,4,12.19363492257042,16.753453457366277
2019.0,94298.0,33,16.9674860548474,23.913162312242267
2023.0,42007.0,35,30.947223081867307,41.104746829068574
2021.0,95565.0,35,15.69612305760477,37.20367690868389
2019.0,2470546.0,4,18.619365921541227,15.136300840643692
2019.0,47581.0,32,27.321830142283687,32.8209342768982
2018.0,163941.0,0,6.709730939789314,15.170828280187044
2021.0,25781.0,10,42.66708040805244,45.85296960131073
2020.0,119266.0,14,53.6615632284138,34.84645202296223
2021.0,18562.0,10,53.87350501023597,66.12703139654838
2019.0,429021.0,23,10.955174688418516,24.28153285664616
2021.0,68685.0,17,18.926985513576472,39.79675004157354
2023.0,38845.0,35,25.743338911056767,40.38285277348597
2018.0,828431.0,20,53.47458026075799,40.31619839454339
2023.0,58709.0,35,30.65969442504556,37.55271893456506
2023.0,424367.0,40,45.243857321610776,37.282779754468685
2023.0,165162.0,10,23.6131797871181,24.656992146599027
2021.0,385523.0,33,37.870632880528525,38.60970453638564
2019.0,553947.0,9,35.3824463351187,29.519379408816512
2021.0,64813.0,22,23.14350516100165,25.769441045574627
2023.0,37686.0,48,82.25866369474075,91.19300224498684
2018.0,55286.0,45,34.366747458669465,26.99146519210824
2020.0,57316.0,40,17.44713518040338,38.095146487718246
2019.0,328934.0,30,17.632716593602364,30.27078613393123
2018.0,150926.0,20,56.98156712561124,33.97142565366038
2023.0,299003.0,47,40.13337658819477,34.4902487846676
2021.0,61586.0,25,25.9799305036859,30.3395692502591
2018.0,216072.0,9,27.30571291051131,20.432322619131142
2023.0,203761.0,18,35.3355156286041,38.204308350675284
2023.0,412600.0,0,26.902569074163843,28.579395979586884
2018.0,210433.0,32,23.76053185574506,23.285443005199017
2021.0,20206.0,17,84.13342571513411,65.37422386814178
2019.0,191283.0,42,24.57092370989581,24.594923872797267
2023.0,1058474.0,20,16.43875995064593,25.35386025110715
2019.0,158714.0,32,16.381667653767153,22.035406881256193
2022.0,19423.0,18,51.485352417237294,59.91970744460431
2018.0,34711.0,25,48.97582898792889,36.425279057578365
2023.0,2492442.0,4,35.025890271468704,29.127012760928487
2023.0,27417.0,37,47.4158368895211,52.71985198960022
2019.0,57975.0,19,17.248814144027598,29.50257751988177
2022.0,45175.0,33,55.34034311012728,39.210334056668096
2018.0,209983.0,13,15.239328898053651,21.742867012537296
2023.0,68632.0,16,20.39864786105607,30.664410021981542
2018.0,4698619.0,43,12.599446773615822,11.151807774272662
2020.0,179027.0,4,27.928748177649183,24.999134684173118
2020.0,31473.0,19,66.72385854541989,43.94043373566228
2023.0,55973.0,17,73.24960248691333,51.54678647515952
2021.0,311122.0,13,16.713700734759996,24.184070555739645
2022.0,24546.0,20,65.1837366577039,58.788022968840615
2023.0,69460.0,40,35.99193780593147,40.69069776346404
2018.0,2171603.0,4,12.8016032396345,14.046963929552616
2022.0,69954.0,43,21.44266232095377,19.839890995630725
2021.0,52772.0,36,24.63427575229288,34.8898520920663
2021.0,47999.0,31,22.917144107168895,37.61493177707912
2023.0,38874.0,40,66.88274939548285,41.69291801923096
2020.0,1740623.0,22,46.19035827976535,29.72172301462228
2022.0,671803.0,8,67.132775530922,45.663461816883625
2018.0,1666753.0,4,11.45940640274834,15.336397430851582
2019.0,176832.0,43,6.220593557727108,10.076474119865411
2020.0,40372.0,33,47.06232042009313,40.19635770827447
2020.0,221770.0,9,34.72065653605087,32.30862333867998
2023.0,46431.0,0,34.45973595227326,29.209170329711377
2019.0,81289.0,36,14.762144939659732,23.938989329795863
2020.0,40682.0,14,41.787522737328544,34.00610834119576
2018.0,180621.0,13,28.23591941136413,21.148351089057027
2022.0,105618.0,9,29.351057584881364,33.710303145423694
2019.0,129205.0,47,12.38342169420688,19.450134035503858
2019.0,121328.0,25,11.53896874587894,22.741399212603934
2022.0,47740.0,42,73.31378299120234,42.614366378467636
2018.0,1310300.0,35,38.0065633824315,31.7710358380897
2021.0,18363.0,48,212.38359745139684,91.43495719107405
2023.0,469167.0,30,29.20068973308012,34.19575194084028
2020.0,198538.0,23,26.1914595694527,24.388938111891353
2022.0,29846.0,45,36.855860081753,47.01913709624118
2021.0,120950.0,22,13.22860686233981,22.08508158559864
2018.0,622213.0,44,15.268083437665236,14.70791755063471
2023.0,61497.0,16,26.017529310372865,31.024578922691347
2019.0,34634.0,19,31.760697580412312,41.88831329438088
2019.0,137713.0,43,11.618365731630274,10.43903330717299
2023.0,827058.0,35,39.6586454638006,38.129061112489886
2019.0,546695.0,49,23.047585948289267,16.137264662414953
2023.0,45920.0,32,39.198606271777,37.77528450240791
2022.0,462286.0,9,27.90480351989894,34.268288239820215
2018.0,58672.0,45,37.49659121898009,25.902694824056248
2018.0,82029.0,33,23.162540077289737,24.500543757715924
2019.0,107738.0,10,19.491729937440827,15.853764917188318
2020.0,128567.0,18,39.6680330100259,40.432988127543396
2020.0,48000.0,24,45.833333333333336,35.69711007306182
2018.0,254149.0,10,20.066968589292102,15.096759943106358
2022.0,79287.0,46,36.57598345252059,26.84194782630355
2021.0,367018.0,23,22.342228446561204,24.998603079713252
2020.0,86530.0,25,27.73604530220733,24.646079254706116
2022.0,58043.0,42,43.071515945075205,51.33025594930816
2020.0,134977.0,4,30.375545463301155,24.678837468443746
2019.0,471826.0,9,16.319575436707602,25.191996118529122
2023.0,270738.0,38,12.927627447938598,36.550350928235474
2020.0,54303.0,2,29.46430215641861,31.69684961706503
2022.0,75470.0,42,47.70107327414867,53.03688732710368
2021.0,956615.0,9,56.658112197697086,38.9946928488344
2020.0,143198.0,43,9.776672858559476,14.85729593198148
2021.0,179987.0,14,49.44801569002206,29.243200469323046
2023.0,285994.0,9,17.133226571186807,31.779318005006914
2020.0,35621.0,38,33.68799303781477,39.91971126269661
2021.0,105231.0,25,44.66364474346913,25.04770819164072
2022.0,61894.0,43,16.156654926164087,25.954096772269928
2023.0,43777.0,35,57.107613587043424,39.539630255982594
2018.0,66100.0,10,18.15431164901664,43.572521790837555
2021.0,26857.0,48,40.95766466842909,52.95091360288188
2019.0,58460.0,31,30.79028395484092,29.84816721538162
2022.0,44991.0,14,46.67600186704008,36.359703228914846
2022.0,106006.0,14,31.13031337848801,35.984392294335024
2020.0,73751.0,24,14.915051999294924,27.378623773216862
2023.0,17486.0,19,97.22063364977696,62.23882708762883
2021.0,93928.0,20,36.19793884677625,47.2577103824454
2021.0,50592.0,19,49.41492726122707,41.66236376223804
2021.0,924454.0,42,60.35995301010109,60.218784912689635
2023.0,63320.0,35,30.00631711939356,38.10953288464473
2020.0,227854.0,15,23.69938644921748,20.13460601946864
2019.0,234225.0,7,44.82869036183157,35.68011310819602
2022.0,1074634.0,10,27.078986892281463,25.826623419510966
2020.0,37235.0,13,32.22774271518732,31.483781616696504
2018.0,317272.0,27,9.140422098388765,25.455466885104364
2023.0,114787.0,32,25.26418496868112,32.26059038553771
2018.0,113664.0,38,19.355292792792792,26.451961615502128
2020.0,43245.0,4,23.12406058503873,32.93225206149664
2022.0,41695.0,37,43.17064396210576,38.7590913836313
2019.0,110268.0,22,11.789458410418254,22.27491320587441
2022.0,53041.0,13,24.509341829905168,27.269284454744046
2018.0,49568.0,14,22.19173660426081,28.140090148394524
2023.0,26780.0,31,41.075429424943984,53.68710457753009
2023.0,589540.0,27,10.855921565966684,29.01988102282954
2020.0,85083.0,38,49.36356263883502,36.78270765254655
2021.0,98956.0,22,28.29540401794737,22.146329313756347
2022.0,80492.0,33,43.48258211996223,39.63014908179335
2018.0,190865.0,9,23.052943179734367,20.37372507050519
2023.0,60168.0,17,29.91623454327882,42.84508559073321
2022.0,100874.0,33,89.22021531811964,38.52115453219924
2021.0,111607.0,17,41.216052756547526,42.50402967620084
2021.0,368990.0,5,11.38242228786688,27.6639054386285
2023.0,4835125.0,43,21.840179933300583,22.868424263694546
2020.0,91546.0,30,58.98673890721604,30.483842508945067
2023.0,73791.0,36,35.23464921196352,40.72733747970693
2019.0,766573.0,4,12.914621308081554,19.531131925463708
2023.0,533365.0,5,34.122973948421816,33.0994229913639
2019.0,36134.0,35,30.44224276304865,36.416482379872896
2022.0,461058.0,38,31.015620594372077,37.23144716527552
2021.0,30885.0,10,42.09163024121742,40.77481078274947
2018.0,829685.0,30,23.38236800713524,29.26487433356
2022.0,2193656.0,4,23.476789432800768,28.917435247374982
2018.0,57686.0,25,38.13750303366501,27.78088354668796
2020.0,75802.0,32,72.55745230996544,30.126618971576605
2018.0,236961.0,3,4.220103730149687,18.06609281038522
2021.0,73019.0,36,27.390131335679754,35.6480302947206
2020.0,104469.0,25,49.775531497382005,24.36915388040006
2021.0,37268.0,32,40.249007191155954,43.67911492587765
2022.0,37540.0,14,45.28502930207778,37.30349998616136
2018.0,566719.0,43,7.058171686497188,10.104950642609378
2018.0,38346.0,14,36.50967506389193,30.21361540310801
2019.0,79858.0,50,16.278895038693683,19.404493713634007
2019.0,239187.0,3,5.8531609159360665,18.897021489284146
2018.0,1092305.0,33,12.176086349508608,22.488973265635003
2022.0,54531.0,4,36.67638590893253,28.700413756558827
2023.0,67774.0,43,23.607873225720777,20.589405620856382
2018.0,79074.0,49,16.440296431191037,19.351178045388128
2023.0,84327.0,10,16.602037307149548,28.87646026913749
2022.0,141527.0,13,13.42500017664474,25.090296095476823
2022.0,43613.0,36,38.97920344851306,38.74268305133427
2018.0,75448.0,22,17.23041034884954,22.010193276683598
2022.0,645054.0,38,30.85013037668164,37.824502442494875
2022.0,66273.0,14,69.4098652543268,43.58854470565826
2023.0,53202.0,13,18.796285853915265,27.57743710339872
2023.0,15371.0,18,78.06909114566392,90.10052862467785
2019.0,89886.0,29,21.13788576641524,29.621735973210733
2022.0,93009.0,49,10.751647690008491,22.952219529702855
2018.0,366519.0,0,12.823346129395746,17.071380420697775
2022.0,569931.0,20,138.08689122016526,77.73449650958283
2022.0,29068.0,35,72.24439245906152,51.6010305531223
2022.0,298758.0,47,42.844040996391726,30.527515585931
2020.0,179575.0,43,15.03550048726159,14.287536970052491
2020.0,250847.0,10,8.770286270116845,22.715329652508867
2022.0,432085.0,46,6.711642385178842,28.169728089368192
2022.0,109220.0,38,46.6947445522798,37.19764752953197
2021.0,26373.0,24,45.50108065066545,55.07295305803284
2019.0,54018.0,2,31.470991151097785,30.050019238377537
2018.0,324890.0,42,27.39388716180861,27.72061779218271
2020.0,231016.0,47,15.583336219136338,29.326135514363855
2018.0,702455.0,8,36.15889985835391,37.107163753833234
2022.0,665409.0,0,57.25801724954126,37.64065400747248
2022.0,166133.0,40,29.49444120072472,37.939299049049794
2021.0,23785.0,10,46.24763506411604,64.34180572963739
2020.0,46047.0,10,28.23202380176776,28.311765275937613
2019.0,43475.0,14,25.301897642323176,30.629108548370745
2019.0,119600.0,26,10.869565217391305,21.803013457378608
2021.0,161723.0,33,53.17734645041213,38.27653371485224
2020.0,48793.0,31,49.18738343614862,36.036098939990865
2023.0,176639.0,20,23.7773085219006,37.30828271530923
2023.0,139976.0,13,15.002571869463338,25.32101052559806
2018.0,676061.0,30,22.63109393974804,28.94998156435418
2019.0,109424.0,38,39.29668080128673,26.75818650775256
2021.0,36081.0,14,36.0300435132064,38.48573894851982
2018.0,147381.0,23,7.463648638562637,16.96435309729263
2021.0,82962.0,40,45.80410308333936,40.15429782318864
2020.0,744552.0,9,27.80195338942075,39.454323969594945
2022.0,77038.0,47,59.71079207663751,41.73102247916264
2021.0,209396.0,24,44.41345584442874,30.563513750728408
2022.0,39821.0,46,57.75846914944376,48.47893182271778
2020.0,76420.0,35,73.27924627060979,37.63918008084603
2020.0,140002.0,30,39.285153069241865,33.10724335944521
2023.0,484271.0,9,24.779513949833877,34.4697839434954
2020.0,179610.0,6,45.097711708702185,36.34497750973895
2019.0,129375.0,42,21.64251207729469,25.978820825306848
2023.0,79535.0,46,22.631545860313068,27.84186084191034
2022.0,89517.0,12,27.92765619938113,27.92678495837285
2023.0,187782.0,22,33.01700908500282,26.182503008996797
2022.0,47392.0,17,44.31127616475354,57.37966927788538
2018.0,222631.0,43,10.78016987751032,9.861543011982743
2020.0,64671.0,33,26.286898300629336,35.23101301324523
2019.0,115340.0,49,18.20704005548812,18.562207625769098
2023.0,95056.0,18,30.508331930651405,44.34142369614854
2023.0,76501.0,35,65.35862276310114,38.843162616722395
2023.0,365536.0,22,19.69710233738948,25.91603935341328
2020.0,21480.0,2,46.55493482309125,62.688146450582074
2018.0,425423.0,23,6.816744745817692,23.930714021383324
2022.0,43942.0,42,27.30872513768149,42.60885876467565
2022.0,360619.0,42,36.04912664058189,37.59767958380195
2019.0,326196.0,5,14.101950974260872,18.052242550096505
2022.0,75692.0,22,29.065158801458544,22.44189025804478
2023.0,38396.0,36,36.46213147202833,40.02095582120048
2021.0,67615.0,47,44.368853065148265,35.40787866084759
2019.0,679121.0,31,37.25403867646561,25.622645339256405
2020.0,24827.0,42,48.334474563982766,60.31462929993573
2023.0,90120.0,38,34.398579671549044,38.061245386059255
2023.0,26629.0,40,41.30834804160877,52.48759095504898
2019.0,760141.0,10,14.47099945931084,16.534217097213322
2020.0,149077.0,33,14.757474325348646,34.74620820091055
2018.0,106408.0,10,18.7955792797534,16.22073099216103
2023.0,549866.0,33,30.552898342505262,37.74626195041101
2020.0,994020.0,25,40.54244381400776,31.31567393909585
2019.0,66824.0,3,14.964683347300372,23.88359014556488
2023.0,558589.0,38,16.291047621775583,37.11078809517383
2023.0,52508.0,20,24.75813209415708,38.555695075714716
2022.0,65185.0,14,15.340952673161004,39.90370081436242
2018.0,76482.0,42,37.91741847755028,27.136904619192347
2018.0,33304.0,20,30.02642325246217,43.04394290482077
2018.0,87393.0,37,18.30810247960363,23.868185411846213
2019.0,109862.0,13,24.57628661411589,23.850411555857633
2019.0,38469.0,13,25.9949569783462,29.259814571999886
2021.0,697252.0,13,22.66038677551301,24.08697649503651
2023.0,64851.0,35,69.38983207660638,39.47268261339788
2023.0,152682.0,4,17.68381341611978,28.768493324324957
2018.0,54973.0,46,20.00982300402016,27.478547192273354
2019.0,26010.0,17,38.446751249519416,49.893415446460196
2021.0,71813.0,0,16.71006642251403,31.515346647205416
2019.0,46523.0,28,23.64421898845732,33.81670995364121
2018.0,26569.0,17,37.637848620572846,44.38690049579638
2019.0,300576.0,25,81.8428617055254,30.257130574392832
2021.0,36584.0,18,32.80122457905095,49.92066377074869
2023.0,218464.0,9,39.365753625311264,33.3933258528533
2019.0,352802.0,46,24.943169256410112,14.718137239119798
2018.0,171020.0,49,16.372354110630337,16.87632144934879
2021.0,184149.0,7,53.21777473676208,37.875122779610585
2019.0,142820.0,33,23.106007561966116,23.833162411095643
2018.0,43877.0,36,27.34918066412927,30.529492735840805
2021.0,155201.0,31,52.834711116552086,34.860819528531714
2022.0,248364.0,10,21.339646647662303,24.40923585683563
2019.0,445349.0,30,38.1723098064664,30.232227167345673
2018.0,52377.0,37,21.00158466502473,28.555250044588647
2020.0,67738.0,22,20.667867371342528,23.255570611550542
2022.0,33394.0,46,98.82014733185603,60.699653627057266
2021.0,83853.0,25,31.00664257689051,25.487240108922048
2021.0,34984.0,42,54.31054196203979,52.36636291027926
2022.0,112938.0,46,30.105013370167704,30.00037663657523
2023.0,65699.0,33,35.00814319852662,37.93368849955802
2021.0,576498.0,20,152.12541934230475,71.54984835390168
2022.0,83574.0,14,52.64795271256611,36.4172099773743
2021.0,511931.0,12,17.58049424629491,24.797043653672436
2019.0,58266.0,35,42.90666941269351,28.5409716967723
2022.0,170718.0,49,21.673168617251843,24.946966485428717
2019.0,69069.0,42,26.06089562611302,26.55871454920401
2021.0,177952.0,48,110.14206078043516,80.93315368683703
2023.0,115041.0,10,43.46276544883997,25.811653277081433
2020.0,367239.0,30,31.85936134234109,31.682070611784148
2022.0,41964.0,35,47.65989896101421,41.11589621782611
2022.0,43660.0,4,52.679798442510304,36.109393171571234
2019.0,294218.0,32,25.831186399200597,25.300761030752078
2020.0,566765.0,21,43.93355270703025,44.574791297484445
2018.0,53446.0,42,29.936758597462862,29.250240036020315
2021.0,42649.0,3,35.170812914722504,34.710696959577426
2022.0,169301.0,45,33.66784602571751,31.112135385209754
2020.0,160110.0,10,11.866841546436824,21.916301584948872
2019.0,57280.0,32,24.441340782122907,28.696706624386923
2020.0,121007.0,38,38.84072822233425,36.05604070182127
2021.0,77576.0,42,117.30432092399712,54.06770221402169
2021.0,64629.0,31,44.87149731544663,34.0380145257052
2022.0,85370.0,47,46.85486704931475,28.005408063682957
2023.0,175829.0,36,19.905703837250968,34.12658598640307
2018.0,413757.0,0,14.259577481468591,17.1128299276894
2021.0,237359.0,32,16.85211009483525,35.15560283132111
2022.0,72413.0,34,15.190642564180465,41.231586948225356
2022.0,67433.0,22,20.761348301276826,23.81842041782982
2021.0,156764.0,43,17.22334209384808,15.635948757514516
2021.0,163436.0,23,22.02697080202648,23.957765397011773
2023.0,24169.0,48,70.33803632752699,51.81427260101354
2021.0,711239.0,13,19.26216082076489,24.08697649503651
2022.0,2322985.0,28,28.756104753151657,32.77561087470715
2022.0,18644.0,25,59.00021454623471,60.52931573747655
2022.0,106869.0,48,43.04335214140677,70.26248028049751
2018.0,53577.0,13,22.397670642253207,27.66952292140294
2019.0,249948.0,25,15.603245475058811,23.636518639203356
2023.0,12975.0,17,77.07129094412332,106.36722488166697
2022.0,207303.0,4,53.54481121836152,28.5240288007615
2020.0,278715.0,9,19.374629998385448,30.84076232857166
2020.0,26335.0,48,64.55287640022783,53.42696924369063
2023.0,121574.0,36,26.32141740832744,34.052547737029535
2022.0,64725.0,13,15.44998068752414,36.49769608435738
2021.0,157335.0,5,23.516700034957257,28.58519762585111
2018.0,36968.0,20,32.46050638389959,39.6942456557412
2019.0,151049.0,20,56.93516673397375,34.54768952098232
2022.0,12381.0,33,96.9227041434456,102.83736133654818
2023.0,114654.0,0,12.21065117658346,28.317929564501988
2018.0,393149.0,4,11.191685595028858,16.40231278314893
2019.0,148431.0,14,16.842842802379558,21.413639058301264
2023.0,24765.0,48,60.56935190793458,54.82446453847775
2022.0,197117.0,32,51.23860448363156,35.00173485002126
2019.0,53100.0,18,20.71563088512241,32.20297078947217
2021.0,1390907.0,32,19.986958150329247,33.68691264900111
2019.0,553284.0,9,33.6174550502093,29.426750294723536
2022.0,64722.0,40,61.80278730570749,42.9177881629281
2022.0,287145.0,1,44.57678176531021,28.647764760711947
2018.0,1150215.0,4,14.084323365631642,15.62752905442113
2021.0,316947.0,29,17.98407935711649,32.955839167038924
2019.0,703011.0,25,20.05658517434293,25.724539969998673
2023.0,33239.0,46,45.12771142332802,56.578266289621
2022.0,29449.0,46,44.144113552242864,46.39515142639237
2023.0,869880.0,43,20.577550926564584,13.841801621660734
2023.0,86154.0,47,53.39276179863965,31.524674453203897
2023.0,64699.0,25,41.7317114638557,30.728386631141525
2023.0,73332.0,36,30.000545464462988,36.49704013603097
2021.0,571708.0,7,54.57331364962533,44.145980063424304
2021.0,16892.0,48,71.03954534690979,122.27475344659948
2022.0,180773.0,0,11.616779054394184,27.98399390636524
2023.0,68389.0,47,55.56449136557049,42.15039075924184
2019.0,325789.0,32,17.495986666216478,24.349093580386644
2018.0,996945.0,25,36.11031701849149,24.277604510329024
2023.0,100248.0,36,20.94804883887958,33.71972619695718
2023.0,718560.0,25,41.05433088399021,34.17375886932865
2020.0,85568.0,10,25.710545998504116,24.46892436901692
2022.0,41830.0,42,102.79703562036816,46.41007742794057
2023.0,26668.0,31,78.74606269686517,53.749480514039796
2022.0,301107.0,10,29.889706981239225,23.454157781389064
2018.0,134585.0,35,54.24081435524018,25.739122006051048
2021.0,106387.0,48,47.938187936496,68.30988271895306
2022.0,45373.0,46,35.26326229255284,40.33025923654591
2023.0,218586.0,19,27.44915044879361,37.65692692369257
2020.0,294635.0,22,12.557910635192696,31.532859626033044
2018.0,141314.0,38,12.737591462983143,27.089419769110723
2023.0,31555.0,1,44.36697829187133,47.51097111601321
2018.0,122083.0,19,31.94547971462038,29.12316031155433
2023.0,58261.0,43,17.16414067729699,28.68391834027152
2022.0,104786.0,18,68.71146908938218,44.74817241112656
2022.0,49478.0,23,22.232103156958647,32.23412772464937
2023.0,147458.0,33,47.471144325841934,38.02612546240723
2023.0,32226.0,40,55.85552038726494,47.723938181573494
2019.0,46194.0,18,110.40394856474866,40.26142708340668
2021.0,65046.0,30,46.12120653076285,34.39242300912415
2019.0,119992.0,10,26.668444562970866,16.41180368829708
2023.0,100288.0,13,14.956924058710912,27.65982153486919
2019.0,103806.0,26,11.56002543205595,23.101133236269728
2018.0,168429.0,20,45.71659274827969,33.094159687778046
2020.0,81836.0,39,34.21477100542549,36.59979715726137
2021.0,33091.0,14,39.28560635822429,37.09797451917475
2019.0,55535.0,24,28.810659944179346,26.29459133294132
2018.0,269805.0,47,15.196160189766683,15.48434028506354
2022.0,31986.0,18,31.26367785906334,52.96740336301566
2023.0,231735.0,21,32.79608173128789,37.500809278132444
2021.0,128711.0,10,20.97722805354632,24.711927882197077
2019.0,27345.0,42,40.226732492228926,48.08058554383449
2020.0,60119.0,25,36.59408839135715,28.39559614621999
2022.0,66695.0,13,23.98980433315841,30.057962494767352
2018.0,94016.0,33,29.78216473791695,23.742804265934474
2023.0,108215.0,40,60.06561012798596,37.69362547331714
2020.0,28571.0,48,63.000945014175215,57.60443499274481
2019.0,28612.0,33,38.44540752131973,42.80045435545689
2023.0,103558.0,32,26.072345931748394,32.345072423938575
2023.0,99193.0,42,42.34169749881544,44.71723033725088
2021.0,28805.0,4,41.65943412601979,42.86941956806965
2021.0,646098.0,38,32.038483326058895,37.62741866984428
2023.0,30198.0,38,56.295118882045166,47.155194894397084
2019.0,261191.0,33,39.05188157325482,26.873212020022134
2023.0,400009.0,3,23.49947126189661,28.469919599483088
2020.0,189139.0,9,31.7227012937575,32.189432187377896
2021.0,59097.0,48,152.29199451748818,70.21073736712079
2022.0,47532.0,31,39.97307077337373,37.31372291493982
2023.0,521150.0,47,30.893216924110146,34.353475926827564
2018.0,188715.0,40,12.18769043266301,24.3059639919963
2023.0,111732.0,25,19.689972434038594,24.47214716622777
2021.0,145830.0,18,91.88781457861892,47.656640417906665
2018.0,286419.0,47,12.9181374140682,15.369843458317234
2022.0,35878.0,42,39.02112715313005,51.50259620600073
2023.0,44264.0,49,22.59172239291524,29.10477410098242
2023.0,20032.0,14,59.90415335463258,65.7305994399814
2023.0,196362.0,34,16.296432099897128,36.04398174699142
2020.0,72654.0,9,17.893027224929117,32.12016604615872
2022.0,108079.0,0,21.28072983650848,28.83017664610827
2020.0,28045.0,13,42.78837582456766,57.397291080054295
2021.0,98933.0,34,16.172561228306026,36.76109087111059
2018.0,151132.0,29,34.407008442950534,32.88968248278616
2023.0,165281.0,16,44.16720615194729,29.241260208873427
2020.0,56994.0,32,35.09141313120679,35.41901268083687
2022.0,59495.0,19,50.42440541221952,43.55628875365086
2018.0,281669.0,36,17.396305592734734,24.43420537633694
2022.0,27536.0,14,72.6321905868681,53.9720441195194
2019.0,67006.0,35,28.35566964152464,26.110483918343913
2023.0,141236.0,13,17.700869466708205,25.2896465989909
2023.0,68175.0,4,24.935826916024936,49.28754024698205
2018.0,134313.0,46,21.591357500763145,21.750490725619617
2023.0,206409.0,14,14.534249960030811,29.04987213126299
2022.0,83094.0,40,49.34170938936626,40.25601396154268
2023.0,29239.0,46,37.62098566982455,45.66061020023405
2023.0,37397.0,3,32.08813541193144,33.355578419730406
2018.0,212128.0,2,15.556645044501431,17.68144363082544
2023.0,82820.0,40,41.05288577638252,39.77962140025919
2022.0,64963.0,33,70.80953773686561,39.833473951119096
2023.0,238711.0,32,13.824247730519332,34.962097347219135
2022.0,25728.0,22,38.8681592039801,54.48217365624985
2021.0,130592.0,39,29.0982602303357,37.92829324599162
2021.0,1052030.0,2,44.96069503721377,32.49870339563669
2022.0,65476.0,33,58.03653246991264,40.512719526162456
2023.0,241955.0,33,24.79799962803001,36.60561913183094
2020.0,123967.0,33,26.61998757733913,34.92210189123005
2020.0,841286.0,43,15.452533383415387,12.497199305103736
2022.0,24437.0,14,53.19801939681631,58.927370248643086
2022.0,58979.0,48,59.34315603859001,75.011286432546
2021.0,395211.0,0,33.14685066964229,28.311403950793498
2019.0,86878.0,12,25.322866548493288,21.343070265621886
2021.0,128400.0,3,21.80685358255452,27.202543090783468
2023.0,34423.0,17,101.67620486302764,69.44045580704368
2018.0,35268.0,17,48.20233639559941,48.853074821435776
2021.0,174243.0,14,29.8433796479629,29.446989819249712
2023.0,45587.0,22,24.129686094719982,35.011599253285254
2018.0,1005146.0,43,7.163138489333887,7.178974344574978
2022.0,60841.0,32,42.73434032971188,32.53489426470212
2023.0,108309.0,13,20.31225475260597,28.854720918302313
2023.0,120712.0,10,19.053615216382795,25.744677783841947
2019.0,1050688.0,20,13.610129743558508,22.742074533518824
2020.0,102387.0,22,38.09077324269683,21.964772200069987
2020.0,344238.0,14,13.653344488406276,27.271861617157352
2023.0,188454.0,43,8.490135523788298,14.834872872082713
2022.0,99280.0,34,19.137792103142623,36.72528393426791
2021.0,388608.0,14,38.85663702239789,30.490074746934894
2023.0,198413.0,38,24.695962462137057,36.3393494704482
2021.0,134236.0,42,43.20748532435413,42.93186117020043
2020.0,71074.0,40,36.58159101781242,36.99269387174122
2019.0,27735.0,14,43.26663061114115,49.484805572569755
2018.0,36953.0,46,27.06140232186832,36.53241078790481
2019.0,244835.0,46,16.337533440888762,19.05841867355809
2019.0,566747.0,38,37.05357064086797,29.223569409635203
2023.0,622237.0,16,15.267494539861822,25.27149326815009
2021.0,104362.0,49,21.0804699028382,22.16851281055134
2023.0,24657.0,14,73.00158170093685,56.35967735017748
2020.0,61793.0,16,21.037981648406777,26.545455102215005
2020.0,1253459.0,22,16.833418564149287,27.744838774086766
2019.0,55178.0,35,19.935481532494837,26.873633495163464
2019.0,180333.0,6,42.144255349825045,33.351451419980016
2018.0,223499.0,12,11.633161669627157,16.016611601020976
2020.0,404794.0,22,45.20817996314175,28.082733690491875
2020.0,103015.0,13,30.09270494588167,25.046289798998256
2018.0,63406.0,3,20.502791533924235,32.581749429181265
2018.0,95796.0,32,12.526619065514218,23.56933745363676
2021.0,73346.0,35,113.162271971205,40.28776558308923
2022.0,216732.0,19,49.36972851263312,37.646582476421806
2023.0,645984.0,38,26.00683608262743,37.46074626991459
2021.0,194843.0,9,27.714621515784504,33.720574809601054
2023.0,60633.0,42,44.5302063232893,47.27196365607115
2018.0,66470.0,17,15.044380923724988,25.93241624302963
2019.0,136154.0,43,17.627098726442117,10.431815392967911
2020.0,26822.0,9,37.282827529639846,43.845049682022974
2018.0,114277.0,0,14.876134305240774,15.865020412253612
2019.0,136215.0,46,24.960540322284626,21.625518809945955
2021.0,71703.0,33,33.471402870172795,39.73005082466179
2019.0,280979.0,40,22.42160446154339,27.126247805543258
2020.0,20123.0,48,109.32763504447648,95.21010572825315
2019.0,57826.0,0,17.29325908760765,24.303490591090746
2023.0,28936.0,43,41.47083218136577,45.38645414552921
2021.0,70621.0,42,63.720423103609406,49.21028341736386
2022.0,77755.0,3,27.007909459198768,28.061021520969913
2019.0,110958.0,17,19.8273220497846,29.51769977579055
2020.0,79811.0,46,25.059202365588703,25.573557516105176
2018.0,23047.0,14,65.08439276261552,64.2048323208548
2018.0,59916.0,32,16.690032712464117,26.51570676928047
2022.0,137688.0,49,23.967230259717624,24.61906411081895
2021.0,473236.0,32,41.205656374409386,34.78300156534967
2020.0,47442.0,23,46.37241263015893,34.91203394114764
2018.0,66765.0,16,14.977907586310192,22.39404580113787
2022.0,181359.0,35,33.634945053733205,37.491794996387355
2023.0,1622188.0,4,25.521086335245972,29.164090977920356
2023.0,86166.0,14,25.532112434138757,36.15668310873362
2022.0,78080.0,31,37.14139344262295,34.13166239011252
2019.0,1110356.0,33,17.38181267989726,22.350196604245074
2022.0,48182.0,36,26.981030260263168,35.090237563709294
2020.0,546192.0,38,27.09669859683041,35.920544029923
2023.0,22116.0,17,54.25935973955507,64.62404002930562
2022.0,53154.0,13,22.57591150242691,27.269284454744046
2020.0,82246.0,16,15.806239817133964,24.18800844695906
2021.0,329543.0,5,15.172526802268596,27.2758865642072
2021.0,53888.0,16,22.268408551068884,30.178286284860004
2023.0,112864.0,47,45.187127870711656,33.46040720937437
2021.0,164381.0,49,50.49245350740048,31.201107915872313
2021.0,62451.0,42,73.65774767417655,47.1439874162038
2020.0,239139.0,10,15.890339927824405,22.519024516797394
2023.0,126243.0,43,13.466093169522267,16.87487217033338
2023.0,56526.0,19,37.151045536567246,46.532569560051805
2023.0,80234.0,42,88.49116334720942,49.22535069937355
2023.0,171321.0,17,51.36556522551234,40.63761192328991
2021.0,928059.0,49,65.72857975624395,60.30038884176812
2018.0,163861.0,39,37.22667382720721,24.77266476587743
2021.0,137212.0,17,27.694370754744483,41.691621228423195
2020.0,339261.0,42,37.43430574100766,36.3386464645527
2022.0,61903.0,33,38.7703342325897,37.566832685425084
2020.0,709409.0,21,24.10457155181285,38.8827525325742
2018.0,65592.0,40,22.868642517380167,31.581622082593135
2023.0,700728.0,13,20.40734778687308,24.677180160797274
2021.0,106601.0,13,35.646945150608346,28.70239648065844
2020.0,2315963.0,28,26.123042552925067,31.03644025108464
2019.0,432493.0,18,36.53238318308042,33.03246854431184
2019.0,142878.0,43,10.498467223785328,10.422329774903394
2018.0,445384.0,30,41.31266502613475,30.475512969512582
2023.0,144472.0,2,24.918323273713938,28.261233723425413
2019.0,476143.0,32,25.202512690515245,25.831014409712797
2023.0,361744.0,43,24.60303418992437,19.256618334076553
2018.0,52879.0,18,20.80220881635432,31.538347302689726
2020.0,169092.0,20,35.48364204101909,40.02898128727513
2021.0,16311.0,31,104.22414321623444,82.97434097996873
2021.0,84943.0,49,20.013420764512677,21.25092225880472
2023.0,99415.0,42,53.311874465623895,44.41959023637096
2021.0,91305.0,4,79.95180986802475,31.02291368341453
2021.0,56134.0,42,46.31773969430292,54.070714936650035
2019.0,62045.0,18,25.787734708679185,32.39504465425053
2020.0,371662.0,42,37.1305110557442,38.02545423855873
2021.0,52989.0,13,24.533393723225576,26.971744040875333
2019.0,165697.0,12,14.48426947983367,16.43142639596892
2019.0,1749343.0,22,43.21622460546617,27.869899010891057
2019.0,75314.0,35,106.2219507661258,26.881558807128023
2022.0,66807.0,49,19.45903872348706,21.820038511705405
2023.0,113679.0,26,14.954389113204725,22.631208666938218
2022.0,84310.0,4,46.2578579053493,30.41494642831124
2022.0,73810.0,11,21.67727950142257,30.895690739846724
2018.0,230514.0,35,32.96979792984374,26.089048613690707
2022.0,38273.0,14,28.740887832153216,37.36565773420338
2022.0,97847.0,46,114.46441893977332,40.16100257837285
2018.0,58504.0,35,30.767127034048958,28.649792231543486
2020.0,830393.0,47,27.938578480309925,27.44246469734126
2018.0,154291.0,10,15.555022652001735,14.626871549053838
2018.0,131831.0,33,21.997860897664435,24.423263903987046
2022.0,21733.0,48,73.6207610546174,114.79475767010787
2023.0,916778.0,43,10.907766111315937,10.002163489082841
2020.0,43304.0,35,32.32957694439313,40.305977376045895
2021.0,404208.0,22,50.71646281122591,28.637565393899873
2021.0,82184.0,16,19.46850968558357,29.14356205273482
2022.0,51138.0,14,39.10985959560405,29.327908508440373
2023.0,54446.0,33,31.223597693127136,38.351086882798036
2019.0,161000.0,9,23.60248447204969,22.53673973980943
2018.0,2233163.0,47,16.478868761483152,18.492058432791126
2021.0,16115.0,17,99.28637914986037,82.07542294350786
2019.0,402022.0,25,25.37174582485536,27.3609536333354
2019.0,193134.0,41,16.051031926020276,24.056572397000213
2019.0,830915.0,38,27.43962980569613,30.944516641683066
2022.0,249070.0,33,20.87766491347814,37.70533351896542
2022.0,206549.0,37,15.008545187824682,34.15483625209805
2018.0,44111.0,14,45.34016458479744,29.55551084625865
2020.0,188856.0,27,5.824543567585885,26.14661520911675
2021.0,54706.0,33,36.55906116330932,38.989500439199716
2019.0,67256.0,48,41.631973355537056,62.90548259141356
2019.0,825062.0,30,26.05864771374757,28.97401023761703
2020.0,107571.0,13,25.099701592436624,26.38793699288873
2018.0,272608.0,3,13.205775325742458,16.60795833138293
2022.0,267689.0,38,38.47748693446499,36.8594254759439
2023.0,223682.0,2,37.10624904999061,27.7875104077161
2022.0,169149.0,36,20.10062134567748,34.14181906489545
2021.0,206908.0,40,35.28138109691264,36.986961807537625
2023.0,36591.0,35,30.062037112951277,41.456456577053935
2023.0,198979.0,40,22.61545188185688,36.49204277655538
2019.0,53431.0,18,20.587299507776383,31.6446471077563
2022.0,45415.0,42,41.83639766596939,42.611607880382664
2021.0,152765.0,19,66.11462049553236,48.83990827914479
2022.0,124857.0,26,10.411911226443053,24.54018869138806
2018.0,1150795.0,46,8.428955635017532,16.608440076663364
2021.0,38498.0,48,127.27933918645124,88.31536950237147
2023.0,558036.0,40,43.36637779641457,39.55569029584895
2019.0,347818.0,37,10.350240643094953,23.91256439157946
2018.0,136373.0,4,24.19833838076452,16.870824288406947
2021.0,670050.0,8,67.1591672263264,45.33937688603814
2018.0,73657.0,3,19.007019020595465,20.142906219846765
2019.0,117124.0,32,29.02906321505413,23.101972739689355
2022.0,68030.0,10,27.928854916948406,29.68973205757516
2021.0,126050.0,2,31.733439111463703,28.001121784868438
2023.0,84003.0,14,33.33214289965834,36.220731195901315
2018.0,242782.0,18,15.651901706057286,27.128876716310007
2020.0,247011.0,46,23.8855759460105,28.053473836309845
2020.0,113209.0,38,35.33287989470802,35.65811157717386
2020.0,866606.0,4,63.11980300159472,30.603324187797543
2023.0,213676.0,33,26.20790355491492,36.90993117128904
2020.0,506809.0,30,53.66913373677263,32.44433052171839
2020.0,36594.0,25,35.52494944526425,41.13579885533094
2022.0,24050.0,24,66.52806652806653,54.27420118499045
2022.0,234778.0,33,29.389465793217425,37.88788622007219
2023.0,79997.0,47,30.001125042189084,32.64857715447989
2019.0,356899.0,5,14.569948360740714,18.056002585894177
2023.0,33432.0,46,53.84063173007897,61.49542530234248
2020.0,268426.0,38,27.940661485847123,35.707145630043875
2019.0,231840.0,24,10.783298826777088,18.27481251634187
2023.0,115903.0,41,18.98138961027756,31.161538629538537
2021.0,56884.0,24,21.095562899936716,42.206525456038854
2021.0,14553.0,42,75.58578987150416,91.82724386789863
2021.0,24355.0,14,61.58899609936358,59.55000338827166
2018.0,209550.0,2,19.56573610116917,17.68144363082544
2022.0,160256.0,4,18.72004792332268,28.78516916328358
2023.0,227555.0,32,27.246160268945967,34.978263761833425
2018.0,49421.0,45,28.328038688007123,28.388971904140398
2018.0,72679.0,36,28.89417851098667,23.957102887606787
2019.0,762148.0,4,16.269805864477767,19.531131925463708
2018.0,119648.0,43,12.536774538646696,16.66131430598381
2020.0,135593.0,49,10.325016778152264,24.986238315538348
2018.0,230220.0,10,15.63721657544957,14.443846055401357
2022.0,46857.0,43,21.34152848026976,35.71654822766284
2019.0,309833.0,35,36.79401484025265,28.91096053498505
2021.0,93418.0,48,130.59581665203706,95.16265284788992
2020.0,151146.0,20,68.80764294126209,44.89677803528316
2020.0,237479.0,18,11.790516214065244,37.26380054338033
2022.0,48098.0,36,41.58177055179009,35.09434376451661
2022.0,177480.0,16,36.06040117196304,29.653730080628613
2023.0,207172.0,4,65.64593670959395,28.56745511482534
2021.0,464269.0,30,35.755133338646345,34.452326384228975
2023.0,78452.0,3,19.119971447509304,28.102644065883442
2019.0,1584064.0,38,63.44440628661468,36.52289657734854
2021.0,684986.0,44,12.263024353782416,15.630846517590863
2020.0,651059.0,44,13.362844227635284,16.193313070449985
2023.0,25704.0,40,50.57578586990352,54.535835645040585
2020.0,75950.0,47,27.649769585253456,30.43595744493604
2020.0,192335.0,22,19.75719447838407,25.66684809763098
2020.0,72164.0,43,13.857324981985478,25.137796809129654
2018.0,229286.0,7,37.50774142337517,34.20501534924058
2019.0,1316756.0,35,42.83253693167147,31.888344055818866
2020.0,78936.0,14,41.80602006688963,31.43731340185543
2023.0,54293.0,28,22.102296797008822,38.05626290354281
2020.0,12972.0,35,77.08911501695961,102.30301408539592
2023.0,47062.0,32,29.74799201053929,34.880023225781706
2018.0,229642.0,35,44.85242246627359,26.28821559944353
2018.0,70941.0,18,22.55395328512426,25.843551923390155
2023.0,311013.0,3,12.53966875982676,27.198685619939987
2022.0,56701.0,19,44.09093314050899,46.52232508574528
2019.0,39592.0,25,32.834916144675695,35.10306432384034
2020.0,459214.0,32,33.75332633586955,32.67392876857852
2019.0,49133.0,42,26.45879551421652,27.5590930336909
2018.0,118791.0,26,15.152663080536405,21.851341531356326
2023.0,220544.0,4,19.49724318049913,28.22306577061737
2020.0,82158.0,0,12.171669222717204,25.224087237071075
2023.0,309528.0,40,33.599545113850766,36.98309997849082
2019.0,110980.0,37,18.021265092809514,22.438815123104376
2022.0,101992.0,43,24.511726409914505,18.93748014010542
2018.0,56811.0,48,42.2453398109521,39.691163379208554
2018.0,38779.0,38,28.36586812450037,33.54880126489727
2023.0,78115.0,32,21.76278563656148,33.51525522936141
2020.0,34865.0,17,65.96873655528468,53.72245183186897
2020.0,213164.0,21,38.46803400198908,36.83270516481151
2022.0,130458.0,18,59.02282727007925,42.20577806314844
2021.0,83457.0,22,14.378662065494806,21.7344208705401
2021.0,260206.0,4,24.980207989054826,28.230099196081813
2023.0,67058.0,25,52.19362343046318,28.863631569614437
2019.0,384902.0,9,21.304124166670995,24.872999465889844
2023.0,28861.0,4,65.83278472679395,45.07884445185325
2022.0,30904.0,17,48.53740616101476,57.63253812764934
2021.0,755160.0,32,25.95476455320727,35.548517081320284
2021.0,286461.0,4,19.199821267118384,28.23241370968431
2022.0,229025.0,18,12.22573954808427,38.16810709590815
2023.0,89108.0,4,59.47838577905463,30.837554674127997
2020.0,170980.0,14,25.734003977073343,28.50181619514747
2022.0,58954.0,10,28.83604165959901,27.677030022222876
2021.0,39927.0,48,102.68740451323664,86.3029827858478
2020.0,61918.0,42,37.14590264543428,38.51184386939834
2018.0,53054.0,42,26.38820824066046,31.055657494004425
2021.0,35151.0,35,34.13843133907997,46.40104109342512
2021.0,72029.0,36,24.989934609671103,40.37081247089086
2019.0,51113.0,35,19.564494355643376,28.816328151600196
2020.0,152737.0,10,10.475523285124105,21.836545376118366
2019.0,70465.0,5,14.191442560136238,25.249144990685412
2021.0,313628.0,38,37.30534263522389,37.05359979670927
2018.0,4410824.0,2,24.46254940120032,21.05801445448611
2018.0,203112.0,18,16.739532868565128,28.150560792780325
2022.0,266836.0,43,10.493336731175704,19.297296318066316
2021.0,47899.0,17,104.38631286665692,62.95278002500326
2021.0,36699.0,0,68.12174718657184,44.95070036780577
2018.0,145864.0,10,13.7114024022377,15.851988209736124
2019.0,43616.0,46,32.09831254585473,41.03996010704079
2021.0,924885.0,13,15.893867886277754,23.555564338794685
2022.0,20893.0,17,67.00808883358063,60.528115459465525
2023.0,51265.0,13,25.35843167853311,27.72511940279659
2019.0,382067.0,37,19.36833068545569,24.39094018995577
2023.0,48185.0,36,22.82868112483138,35.029978541257556
2018.0,94073.0,46,22.32308951558896,19.875680169632094
2022.0,556629.0,38,21.737997840572447,37.474544267754126
2023.0,44119.0,17,40.79874883836896,52.950467823402334
2023.0,51127.0,43,19.559137050873318,31.415002582672532
2021.0,243648.0,33,20.52140793275545,37.7411404558081
2023.0,705472.0,30,27.924566814841693,34.548863992492514
2023.0,104165.0,40,33.60053760860173,38.117592950398524
2018.0,96036.0,23,10.412761880961304,18.08534494749488
2020.0,196115.0,14,17.336766693011754,27.91960037620644
2019.0,109330.0,46,9.146620323790358,24.092882779171635
2022.0,284108.0,22,41.53350134455911,34.39209176950329
2019.0,101883.0,35,45.149828725106254,25.158219250211328
2021.0,959768.0,6,26.985688207983596,40.502218615555336
2022.0,32435.0,48,83.24340989671651,88.97093503328713
2023.0,25619.0,17,42.93688278231001,63.74627368213254
2023.0,68835.0,31,46.487978499309946,33.58835940149019
2020.0,36044.0,19,30.51825546554211,40.404145713004844
2020.0,109663.0,14,42.85857581864439,33.86605770373714
2022.0,443837.0,4,29.064724211816497,28.750952442753604
2022.0,263864.0,13,40.55119303883819,26.45482063553397
2020.0,550081.0,4,23.63288315720776,28.74429976264275
2018.0,66999.0,14,22.388393856624727,27.00206226842564
2023.0,31754.0,18,37.79051458084021,54.82134936691533
2019.0,351154.0,5,9.112810903478248,17.979081364370526
2018.0,54012.0,42,27.77160630970895,31.24502395885089
2018.0,117027.0,6,35.03465012347578,32.81673143466656
2022.0,36663.0,18,38.18563674549273,49.570599135630324
2023.0,114647.0,43,21.8060655752004,19.451373318020654
2020.0,243216.0,3,6.167357410696664,24.791417099284732
2023.0,63661.0,3,20.420665713702267,29.084949428288613
2022.0,203971.0,41,12.256644326889608,30.603152311481267
2020.0,182924.0,33,34.44053268023879,34.13694778128829
2020.0,58132.0,19,24.08312117250396,40.947469414385466
2021.0,229018.0,33,42.7913963094604,37.92369315691487
2019.0,76666.0,35,50.87000756528317,26.97652061831096
2022.0,18294.0,46,54.66273095003826,65.97681617921894
2020.0,58258.0,48,106.4231521851076,71.6803234036899
2020.0,82732.0,14,50.76632983609728,32.392089233561755
2022.0,167352.0,9,29.877145179023856,33.62368811933336
2021.0,2126477.0,43,19.045585727002926,21.559882540145754
2022.0,108282.0,43,23.087863172087697,19.75613271104301
2019.0,797434.0,36,18.55952969148544,26.05777719295348
2020.0,35411.0,35,50.83166247776114,41.76536961876022
2020.0,16996.0,19,58.83737349964697,70.58184151143308
2021.0,89164.0,37,15.701404154142928,33.697851634167684
2023.0,1017162.0,4,23.30012328419662,30.885080225911082
2019.0,78981.0,49,16.45965485369899,19.499686914720293
2018.0,117327.0,22,8.523187331134352,22.09579147036579
2023.0,186387.0,14,17.16857935371029,29.13437677312164
2023.0,2252196.0,32,23.35498331406325,33.06782319878834
2023.0,96421.0,22,22.81660634094233,21.579144074197416
2020.0,43108.0,38,32.47657047415793,38.39924000640947
2023.0,68873.0,40,43.55843363872635,40.43031560168004
2023.0,29943.0,45,33.396787229068565,46.797229302513436
2022.0,148003.0,23,8.783605737721533,25.129327679602866
2018.0,115456.0,49,12.991962305986696,17.774785139425713
2022.0,36834.0,14,32.57859586251832,42.26681738458751
2019.0,208993.0,42,34.9293995492672,25.90290248040526
2018.0,576031.0,20,44.26845082990325,49.60514009654651
2021.0,255397.0,43,15.66189109504027,18.46726932214921
2023.0,82799.0,24,19.32390487807824,24.23412319948311
2022.0,58555.0,0,25.61694133720434,31.705866214304663
2020.0,1559146.0,4,18.599925856847275,24.879089028158276
2020.0,216246.0,33,21.272069772388853,34.19055878643681
2019.0,167417.0,11,16.724705376395466,14.905179769275222
2018.0,65256.0,35,45.972784111805815,33.33205279467433
2023.0,228972.0,15,16.15918103523575,21.15641175247712
2018.0,23106.0,35,64.91820306413919,72.05193087331637
2020.0,1404396.0,9,25.20656566951202,34.5743949829937
2020.0,124797.0,30,11.218218386659936,32.10274201725821
2023.0,377754.0,38,33.09031803766472,36.97145375567593
2022.0,290014.0,4,24.481576751467173,27.888510238320308
2023.0,212807.0,9,39.00247642229814,33.3933258528533
2018.0,742474.0,32,30.304091456401167,25.173956819461733
2020.0,76228.0,29,22.30151650312221,29.515711964011388
2023.0,1751169.0,22,54.363685058381,30.39760580479994
2018.0,58799.0,35,28.912056327488564,28.8643196451242
2021.0,58237.0,10,22.322578429520757,26.5212481982269
2020.0,72920.0,48,135.76522216127262,101.9665462316085
2021.0,457672.0,46,25.127165306158123,27.18539724396242
2021.0,66263.0,14,78.47516713701462,43.12751835900022
2022.0,22573.0,48,119.6119257520046,104.2554223876278
2022.0,161745.0,35,24.730285325666944,37.18562666465322
2019.0,229863.0,32,7.395709618337879,22.953715107075958
2023.0,53880.0,37,31.55159613956941,34.837674841925036
2018.0,99154.0,3,27.230368921072277,16.875167695674254
2021.0,232411.0,21,40.87586215798736,37.595733227239414
2019.0,40882.0,35,34.244899955970844,32.41044755718231
2023.0,277658.0,47,32.77413220580714,34.599982538845296
2018.0,143351.0,33,32.08906809160732,23.73292061748374
2019.0,1273954.0,43,12.951802027388744,7.259980267017371
2023.0,69615.0,33,30.1659125188537,37.894933581909875
2021.0,124201.0,43,10.466904453265272,15.982025534013847
2023.0,776743.0,10,22.01500367560441,24.53263866419833
2023.0,320940.0,43,16.51399015392285,18.883875384604334
2022.0,105671.0,15,10.409667742332331,18.296952855949375
2022.0,36400.0,13,32.967032967032964,38.7580073277784
2018.0,465861.0,4,11.37678406219881,16.27445859425883
2023.0,103241.0,0,35.83847502445734,28.861988271379147
2019.0,85436.0,24,11.704667821527226,18.994493772776334
2019.0,188910.0,9,11.116404637128792,21.21615925973346
2021.0,58629.0,19,42.64101383274489,42.97714750128927
2023.0,100984.0,50,33.668699992077954,22.313439527039364
2023.0,844703.0,20,40.724372945283726,48.000618207320805
2019.0,129274.0,38,34.036233117254824,26.43730678234157
2020.0,106565.0,23,15.014310514709331,20.683900611597856
2020.0,167902.0,11,17.271980083620207,21.985296326496414
2022.0,47475.0,10,25.27646129541864,28.51525940435506
2018.0,79388.0,38,30.231269209452307,26.47373825100257
2022.0,42229.0,46,33.1525728764593,42.284902115315056
2021.0,75880.0,32,28.99314707432789,33.42815173794383
2021.0,161064.0,35,42.21924204043113,37.2214336014959
2021.0,187280.0,43,10.679196924391286,14.460820547660004
2023.0,65036.0,2,63.042007503536496,42.48084826956545
2021.0,23320.0,13,47.16981132075472,62.87839349437625
2020.0,385648.0,35,53.675890967929305,35.46689896350712
2021.0,159410.0,4,21.95596261213224,28.509701345130576
2021.0,13855.0,42,79.39372067845544,87.70977634683493
2020.0,446935.0,4,17.89969458646112,24.801326321952732
2018.0,27611.0,14,43.46093948064177,44.68141766187634
2021.0,108051.0,32,23.13722223764704,32.293022755468584
2020.0,81755.0,36,13.454834566693169,29.187984267596445
2019.0,98012.0,40,38.770762763743214,25.855498642936105
2020.0,430906.0,4,22.74277916761428,24.833402685898633
2022.0,44144.0,49,36.24501631025734,29.679495259484614
2021.0,658221.0,39,47.400493147438326,37.66169083813566
2019.0,206341.0,14,11.146597137747708,21.5345217840663
2019.0,460528.0,32,27.79418406698398,25.950590198375544
2019.0,59461.0,32,18.49952069423656,29.835735998263107
2018.0,62342.0,16,22.456770716370983,31.936358047964177
2020.0,71875.0,2,27.82608695652174,27.19335717042682
2018.0,105779.0,30,35.923954660187746,30.227284974888946
2020.0,153010.0,9,43.78798771322136,32.23530379906903
2021.0,105162.0,32,22.82193187653335,32.420220199949284
2020.0,81979.0,33,29.275790141377666,34.54654023287228
2018.0,62162.0,33,24.13049773173321,32.73885751230697
2021.0,94666.0,17,92.95840111550082,43.109052979397354
2022.0,171999.0,43,15.697765684684212,15.620370347281835
2019.0,104646.0,49,15.289643177952334,17.285613428202044
2020.0,31174.0,29,35.28581510232887,43.93511724190326
2021.0,26126.0,45,42.10365153486948,48.89911339712601
2018.0,154835.0,38,17.437917783446895,25.36971328422357
2019.0,1927852.0,4,11.204179573950697,14.82635289405254
2021.0,30484.0,40,52.48655032148013,49.25522790256721
2018.0,181111.0,6,43.61965866236728,32.19624024332339
2023.0,64441.0,13,20.173492031470648,37.14581298725938
2018.0,258111.0,18,35.256149486073824,30.527535649793894
2019.0,494336.0,4,20.22915587778353,17.023212133037774
2021.0,925708.0,47,36.83666987862263,30.76716456103763
2020.0,143737.0,18,54.96149216972665,41.45814742602008
2021.0,941647.0,43,11.15067535923759,9.946870806633417
2021.0,42634.0,47,37.52873293615424,41.72834655279391
2022.0,162006.0,9,23.455921385627693,33.62368811933336
2022.0,192734.0,34,18.678593294385006,37.0304070662804
2023.0,25600.0,46,50.78125,51.11507448546195
2020.0,1401142.0,32,39.82465731524713,31.170604324051563
2021.0,51597.0,35,31.00955481907863,36.64891579269247
2023.0,92162.0,32,24.956055641153625,33.11492881448972
2023.0,34742.0,14,28.7836048586725,35.086691731184054
2020.0,159293.0,22,36.41089062294012,24.98935797666346
2021.0,49558.0,32,26.231889906775898,35.02992818092557
2023.0,101501.0,9,37.43805479748968,33.4906402664355
2021.0,31121.0,19,80.33160888146267,47.5856085795558
2019.0,415759.0,40,16.596153059825525,27.35806610329135
2021.0,120993.0,31,33.059763787987734,33.25677410870322
2019.0,113605.0,0,17.604858941067736,15.661573574204619
2021.0,17602.0,46,56.81172594023407,64.90486033687789
2018.0,127753.0,3,14.089688696155864,16.415202164880306
2021.0,30403.0,45,46.04808735980002,48.333560084056714
2023.0,59695.0,38,23.45255046486305,37.230715325374376
2020.0,1077402.0,10,19.027252594667544,25.492703477072062
2022.0,232995.0,46,50.215669864160176,30.23291208411058
2021.0,73052.0,14,31.484422055522096,36.04745623369399
2023.0,56489.0,18,58.418453150170826,43.10030069207826
2021.0,27409.0,14,43.78123973877194,52.263110536379024
2021.0,49547.0,10,22.201142349688176,27.52526508728478
2022.0,153064.0,33,42.46589661840799,38.1262487698809
2019.0,291636.0,30,57.26316366978013,33.7952808717505
2020.0,82346.0,46,17.001432977922427,25.51421802050411
2023.0,56729.0,42,44.0691709707557,52.223899046070215
2019.0,1034730.0,43,7.441554801735719,7.246092161773486
2023.0,31372.0,29,38.25066938671427,51.20987732686703
2022.0,26932.0,40,55.69582652606565,54.88983110998497
2022.0,183512.0,35,14.712934304023715,37.491794996387355
2023.0,1190275.0,33,15.79466929911155,38.84643893769723
2021.0,515588.0,13,20.75300433679605,25.641848681888106
2022.0,73037.0,17,43.81340964168846,39.79207351611204
2023.0,660615.0,39,43.59574033287164,37.49501843820597
2022.0,164351.0,11,20.687431168657323,24.360179260154258
2023.0,1550542.0,38,75.650965920304,57.45090460168294
2023.0,293391.0,20,19.7688408983234,36.905304703360365
2022.0,70212.0,37,27.0609012704381,35.92687784150109
2018.0,597695.0,37,7.863542442215512,25.68298889104584
2019.0,28296.0,14,35.34068419564603,42.848832625743796
2023.0,179057.0,4,12.286590303646326,28.482855706993668
2022.0,43127.0,47,46.37466088529227,40.876930333216954
2022.0,83304.0,9,37.21309901085182,34.23710884970123
2021.0,57445.0,35,113.15171033162154,39.90100987545897
2022.0,114461.0,41,18.34686050270398,31.45397021249471
2018.0,154475.0,18,21.36268004531477,27.94808391807145
2020.0,44559.0,35,29.17480194797908,40.40827616838858
2022.0,68166.0,47,55.74626646715371,37.31757630630272
2018.0,75502.0,35,64.89894307435564,26.89072045480339
2018.0,128754.0,9,13.98014818957081,21.406216594020194
2021.0,29863.0,32,33.486253892777015,53.37728564623451
2021.0,79596.0,32,18.845168098899443,33.70263976465625
2018.0,175769.0,35,25.032855623005197,24.818105013343608
2020.0,169823.0,5,41.80823563357143,24.683779212759575
2022.0,1870945.0,4,19.40195997209966,28.821816999623415
